File Name,Status,Output 224x224,Output Labeled,Scalogram Shape,PD Type
pulse11_nopd6.mat,Processed,pulse1_224x224.png,pulse1_scalogram_labeled.png,"(224, 224, 3)",
pulse6_nopd6.mat,Processed,pulse2_224x224.png,,"(224, 224, 3)",
pulse6_nopd19_noisy.mat,Processed,pulse3_224x224.png,,"(224, 224, 3)",
pulse5_nopd18_noisy.mat,Processed,pulse4_224x224.png,,"(224, 224, 3)",
pulse1_nopd2.mat,Processed,pulse5_224x224.png,,"(224, 224, 3)",
pulse8_nopd12.mat,Processed,pulse6_224x224.png,,"(224, 224, 3)",
pulse9_nopd15.mat,Processed,pulse7_224x224.png,,"(224, 224, 3)",
pulse9_nopd17_noisy.mat,Processed,pulse8_224x224.png,,"(224, 224, 3)",
pulse5_nopd9_noisy.mat,Processed,pulse9_224x224.png,,"(224, 224, 3)",
pulse5_nopd3.mat,Processed,pulse10_224x224.png,,"(224, 224, 3)",
pulse3_nopd12.mat,Processed,pulse11_224x224.png,,"(224, 224, 3)",
pulse4_nopd15.mat,Processed,pulse12_224x224.png,,"(224, 224, 3)",
pulse3_nopd14_noisy.mat,Processed,pulse13_224x224.png,,"(224, 224, 3)",
pulse10_nopd17_noisy.mat,Processed,pulse14_224x224.png,,"(224, 224, 3)",
pulse5_nopd10.mat,Processed,pulse15_224x224.png,,"(224, 224, 3)",
pulse11_nopd10_noisy.mat,Processed,pulse16_224x224.png,,"(224, 224, 3)",
pulse2_nopd12_noisy.mat,Processed,pulse17_224x224.png,,"(224, 224, 3)",
pulse4_nopd13.mat,Processed,pulse18_224x224.png,,"(224, 224, 3)",
pulse7_nopd10_noisy.mat,Processed,pulse19_224x224.png,,"(224, 224, 3)",
pulse5_nopd9.mat,Processed,pulse20_224x224.png,,"(224, 224, 3)",
pulse3_nopd17.mat,Processed,pulse21_224x224.png,,"(224, 224, 3)",
pulse8_nopd13.mat,Processed,pulse22_224x224.png,,"(224, 224, 3)",
pulse5_nopd2_noisy.mat,Processed,pulse23_224x224.png,,"(224, 224, 3)",
pulse11_nopd9_noisy.mat,Processed,pulse24_224x224.png,,"(224, 224, 3)",
pulse3_nopd13_noisy.mat,Processed,pulse25_224x224.png,,"(224, 224, 3)",
pulse12_nopd20_noisy.mat,Processed,pulse26_224x224.png,,"(224, 224, 3)",
pulse11_nopd5.mat,Processed,pulse27_224x224.png,,"(224, 224, 3)",
pulse2_nopd4.mat,Processed,pulse28_224x224.png,,"(224, 224, 3)",
pulse2_nopd7_noisy.mat,Processed,pulse29_224x224.png,,"(224, 224, 3)",
pulse7_nopd15_noisy.mat,Processed,pulse30_224x224.png,,"(224, 224, 3)",
pulse8_nopd6_noisy.mat,Processed,pulse31_224x224.png,,"(224, 224, 3)",
pulse3_nopd9_noisy.mat,Processed,pulse32_224x224.png,,"(224, 224, 3)",
pulse7_nopd16_noisy.mat,Processed,pulse33_224x224.png,,"(224, 224, 3)",
pulse4_nopd4.mat,Processed,pulse34_224x224.png,,"(224, 224, 3)",
pulse6_nopd16_noisy.mat,Processed,pulse35_224x224.png,,"(224, 224, 3)",
pulse4_nopd2_noisy.mat,Processed,pulse36_224x224.png,,"(224, 224, 3)",
pulse10_nopd12_noisy.mat,Processed,pulse37_224x224.png,,"(224, 224, 3)",
pulse1_nopd19.mat,Processed,pulse38_224x224.png,,"(224, 224, 3)",
pulse2_nopd3_noisy.mat,Processed,pulse39_224x224.png,,"(224, 224, 3)",
pulse2_nopd14.mat,Processed,pulse40_224x224.png,,"(224, 224, 3)",
pulse2_nopd15_noisy.mat,Processed,pulse41_224x224.png,,"(224, 224, 3)",
pulse10_nopd2_noisy.mat,Processed,pulse42_224x224.png,,"(224, 224, 3)",
pulse3_nopd19.mat,Processed,pulse43_224x224.png,,"(224, 224, 3)",
pulse1_nopd7.mat,Processed,pulse44_224x224.png,,"(224, 224, 3)",
pulse1_nopd13.mat,Processed,pulse45_224x224.png,,"(224, 224, 3)",
pulse2_nopd17_noisy.mat,Processed,pulse46_224x224.png,,"(224, 224, 3)",
pulse12_nopd9.mat,Processed,pulse47_224x224.png,,"(224, 224, 3)",
pulse8_nopd5.mat,Processed,pulse48_224x224.png,,"(224, 224, 3)",
pulse1_nopd6_noisy.mat,Processed,pulse49_224x224.png,,"(224, 224, 3)",
pulse8_nopd18_noisy.mat,Processed,pulse50_224x224.png,,"(224, 224, 3)",
pulse4_nopd9_noisy.mat,Processed,pulse51_224x224.png,,"(224, 224, 3)",
pulse8_nopd17.mat,Processed,pulse52_224x224.png,,"(224, 224, 3)",
pulse3_nopd16.mat,Processed,pulse53_224x224.png,,"(224, 224, 3)",
pulse7_nopd16.mat,Processed,pulse54_224x224.png,,"(224, 224, 3)",
pulse8_nopd16.mat,Processed,pulse55_224x224.png,,"(224, 224, 3)",
pulse4_nopd1_noisy.mat,Processed,pulse56_224x224.png,,"(224, 224, 3)",
pulse12_nopd14_noisy.mat,Processed,pulse57_224x224.png,,"(224, 224, 3)",
pulse8_nopd16_noisy.mat,Processed,pulse58_224x224.png,,"(224, 224, 3)",
pulse7_nopd5_noisy.mat,Processed,pulse59_224x224.png,,"(224, 224, 3)",
pulse7_nopd20.mat,Processed,pulse60_224x224.png,,"(224, 224, 3)",
pulse9_nopd1.mat,Processed,pulse61_224x224.png,,"(224, 224, 3)",
pulse5_nopd16.mat,Processed,pulse62_224x224.png,,"(224, 224, 3)",
pulse8_nopd5_noisy.mat,Processed,pulse63_224x224.png,,"(224, 224, 3)",
pulse2_nopd20_noisy.mat,Processed,pulse64_224x224.png,,"(224, 224, 3)",
pulse10_nopd11_noisy.mat,Processed,pulse65_224x224.png,,"(224, 224, 3)",
pulse4_nopd20.mat,Processed,pulse66_224x224.png,,"(224, 224, 3)",
pulse2_nopd9_noisy.mat,Processed,pulse67_224x224.png,,"(224, 224, 3)",
pulse3_nopd6.mat,Processed,pulse68_224x224.png,,"(224, 224, 3)",
pulse6_nopd10_noisy.mat,Processed,pulse69_224x224.png,,"(224, 224, 3)",
pulse11_nopd14.mat,Processed,pulse70_224x224.png,,"(224, 224, 3)",
pulse9_nopd11_noisy.mat,Processed,pulse71_224x224.png,,"(224, 224, 3)",
pulse2_nopd18_noisy.mat,Processed,pulse72_224x224.png,,"(224, 224, 3)",
pulse12_nopd16.mat,Processed,pulse73_224x224.png,,"(224, 224, 3)",
pulse2_nopd13.mat,Processed,pulse74_224x224.png,,"(224, 224, 3)",
pulse9_nopd2_noisy.mat,Processed,pulse75_224x224.png,,"(224, 224, 3)",
pulse3_nopd18_noisy.mat,Processed,pulse76_224x224.png,,"(224, 224, 3)",
pulse1_nopd20.mat,Processed,pulse77_224x224.png,,"(224, 224, 3)",
pulse10_nopd10_noisy.mat,Processed,pulse78_224x224.png,,"(224, 224, 3)",
pulse12_nopd10_noisy.mat,Processed,pulse79_224x224.png,,"(224, 224, 3)",
pulse4_nopd8_noisy.mat,Processed,pulse80_224x224.png,,"(224, 224, 3)",
pulse11_nopd17.mat,Processed,pulse81_224x224.png,,"(224, 224, 3)",
pulse2_nopd2_noisy.mat,Processed,pulse82_224x224.png,,"(224, 224, 3)",
pulse8_nopd2_noisy.mat,Processed,pulse83_224x224.png,,"(224, 224, 3)",
pulse6_nopd2.mat,Processed,pulse84_224x224.png,,"(224, 224, 3)",
pulse2_nopd11_noisy.mat,Processed,pulse85_224x224.png,,"(224, 224, 3)",
pulse1_nopd12.mat,Processed,pulse86_224x224.png,,"(224, 224, 3)",
pulse10_nopd11.mat,Processed,pulse87_224x224.png,,"(224, 224, 3)",
pulse8_nopd11_noisy.mat,Processed,pulse88_224x224.png,,"(224, 224, 3)",
pulse3_nopd10_noisy.mat,Processed,pulse89_224x224.png,,"(224, 224, 3)",
pulse2_nopd11.mat,Processed,pulse90_224x224.png,,"(224, 224, 3)",
pulse4_nopd20_noisy.mat,Processed,pulse91_224x224.png,,"(224, 224, 3)",
pulse5_nopd3_noisy.mat,Processed,pulse92_224x224.png,,"(224, 224, 3)",
pulse1_nopd5.mat,Processed,pulse93_224x224.png,,"(224, 224, 3)",
pulse5_nopd1.mat,Processed,pulse94_224x224.png,,"(224, 224, 3)",
pulse12_nopd12_noisy.mat,Processed,pulse95_224x224.png,,"(224, 224, 3)",
pulse6_nopd12_noisy.mat,Processed,pulse96_224x224.png,,"(224, 224, 3)",
pulse4_nopd16.mat,Processed,pulse97_224x224.png,,"(224, 224, 3)",
pulse7_nopd15.mat,Processed,pulse98_224x224.png,,"(224, 224, 3)",
pulse4_nopd3_noisy.mat,Processed,pulse99_224x224.png,,"(224, 224, 3)",
pulse7_nopd10.mat,Processed,pulse100_224x224.png,,"(224, 224, 3)",
pulse12_nopd5_noisy.mat,Processed,pulse101_224x224.png,,"(224, 224, 3)",
pulse6_nopd13.mat,Processed,pulse102_224x224.png,,"(224, 224, 3)",
pulse10_nopd14.mat,Processed,pulse103_224x224.png,,"(224, 224, 3)",
pulse5_nopd18.mat,Processed,pulse104_224x224.png,,"(224, 224, 3)",
pulse1_nopd4.mat,Processed,pulse105_224x224.png,,"(224, 224, 3)",
pulse4_nopd9.mat,Processed,pulse106_224x224.png,,"(224, 224, 3)",
pulse7_nopd1_noisy.mat,Processed,pulse107_224x224.png,,"(224, 224, 3)",
pulse9_nopd13.mat,Processed,pulse108_224x224.png,,"(224, 224, 3)",
pulse5_nopd13.mat,Processed,pulse109_224x224.png,,"(224, 224, 3)",
pulse6_nopd5_noisy.mat,Processed,pulse110_224x224.png,,"(224, 224, 3)",
pulse4_nopd13_noisy.mat,Processed,pulse111_224x224.png,,"(224, 224, 3)",
pulse3_nopd13.mat,Processed,pulse112_224x224.png,,"(224, 224, 3)",
pulse9_nopd17.mat,Processed,pulse113_224x224.png,,"(224, 224, 3)",
pulse8_nopd15.mat,Processed,pulse114_224x224.png,,"(224, 224, 3)",
pulse4_nopd14_noisy.mat,Processed,pulse115_224x224.png,,"(224, 224, 3)",
pulse9_nopd5_noisy.mat,Processed,pulse116_224x224.png,,"(224, 224, 3)",
pulse4_nopd15_noisy.mat,Processed,pulse117_224x224.png,,"(224, 224, 3)",
pulse2_nopd3.mat,Processed,pulse118_224x224.png,,"(224, 224, 3)",
pulse6_nopd2_noisy.mat,Processed,pulse119_224x224.png,,"(224, 224, 3)",
pulse5_nopd15_noisy.mat,Processed,pulse120_224x224.png,,"(224, 224, 3)",
pulse2_nopd4_noisy.mat,Processed,pulse121_224x224.png,,"(224, 224, 3)",
pulse9_nopd10_noisy.mat,Processed,pulse122_224x224.png,,"(224, 224, 3)",
pulse12_nopd19.mat,Processed,pulse123_224x224.png,,"(224, 224, 3)",
pulse12_nopd10.mat,Processed,pulse124_224x224.png,,"(224, 224, 3)",
pulse8_nopd2.mat,Processed,pulse125_224x224.png,,"(224, 224, 3)",
pulse2_nopd19.mat,Processed,pulse126_224x224.png,,"(224, 224, 3)",
pulse7_nopd11_noisy.mat,Processed,pulse127_224x224.png,,"(224, 224, 3)",
pulse9_nopd10.mat,Processed,pulse128_224x224.png,,"(224, 224, 3)",
pulse7_nopd12_noisy.mat,Processed,pulse129_224x224.png,,"(224, 224, 3)",
pulse6_nopd17.mat,Processed,pulse130_224x224.png,,"(224, 224, 3)",
pulse12_nopd5.mat,Processed,pulse131_224x224.png,,"(224, 224, 3)",
pulse6_nopd1.mat,Processed,pulse132_224x224.png,,"(224, 224, 3)",
pulse11_nopd1.mat,Processed,pulse133_224x224.png,,"(224, 224, 3)",
pulse6_nopd6_noisy.mat,Processed,pulse134_224x224.png,,"(224, 224, 3)",
pulse7_nopd17.mat,Processed,pulse135_224x224.png,,"(224, 224, 3)",
pulse8_nopd15_noisy.mat,Processed,pulse136_224x224.png,,"(224, 224, 3)",
pulse9_nopd15_noisy.mat,Processed,pulse137_224x224.png,,"(224, 224, 3)",
pulse7_nopd2_noisy.mat,Processed,pulse138_224x224.png,,"(224, 224, 3)",
pulse7_nopd14.mat,Processed,pulse139_224x224.png,,"(224, 224, 3)",
pulse8_nopd1_noisy.mat,Processed,pulse140_224x224.png,,"(224, 224, 3)",
pulse5_nopd12_noisy.mat,Processed,pulse141_224x224.png,,"(224, 224, 3)",
pulse6_nopd11_noisy.mat,Processed,pulse142_224x224.png,,"(224, 224, 3)",
pulse4_nopd5.mat,Processed,pulse143_224x224.png,,"(224, 224, 3)",
pulse12_nopd6_noisy.mat,Processed,pulse144_224x224.png,,"(224, 224, 3)",
pulse7_nopd13_noisy.mat,Processed,pulse145_224x224.png,,"(224, 224, 3)",
pulse1_nopd20_noisy.mat,Processed,pulse146_224x224.png,,"(224, 224, 3)",
pulse2_nopd2.mat,Processed,pulse147_224x224.png,,"(224, 224, 3)",
pulse7_nopd6.mat,Processed,pulse148_224x224.png,,"(224, 224, 3)",
pulse11_nopd15_noisy.mat,Processed,pulse149_224x224.png,,"(224, 224, 3)",
pulse6_nopd1_noisy.mat,Processed,pulse150_224x224.png,,"(224, 224, 3)",
pulse1_nopd12_noisy.mat,Processed,pulse151_224x224.png,,"(224, 224, 3)",
pulse3_nopd15.mat,Processed,pulse152_224x224.png,,"(224, 224, 3)",
pulse10_nopd17.mat,Processed,pulse153_224x224.png,,"(224, 224, 3)",
pulse11_nopd15.mat,Processed,pulse154_224x224.png,,"(224, 224, 3)",
pulse9_nopd9_noisy.mat,Processed,pulse155_224x224.png,,"(224, 224, 3)",
pulse9_nopd14_noisy.mat,Processed,pulse156_224x224.png,,"(224, 224, 3)",
pulse6_nopd19.mat,Processed,pulse157_224x224.png,,"(224, 224, 3)",
pulse1_nopd7_noisy.mat,Processed,pulse158_224x224.png,,"(224, 224, 3)",
pulse1_nopd14.mat,Processed,pulse159_224x224.png,,"(224, 224, 3)",
pulse6_nopd18_noisy.mat,Processed,pulse160_224x224.png,,"(224, 224, 3)",
pulse5_nopd5.mat,Processed,pulse161_224x224.png,,"(224, 224, 3)",
pulse6_nopd9_noisy.mat,Processed,pulse162_224x224.png,,"(224, 224, 3)",
pulse12_nopd2.mat,Processed,pulse163_224x224.png,,"(224, 224, 3)",
pulse11_nopd2_noisy.mat,Processed,pulse164_224x224.png,,"(224, 224, 3)",
pulse10_nopd9_noisy.mat,Processed,pulse165_224x224.png,,"(224, 224, 3)",
pulse2_nopd9.mat,Processed,pulse166_224x224.png,,"(224, 224, 3)",
pulse3_nopd5_noisy.mat,Processed,pulse167_224x224.png,,"(224, 224, 3)",
pulse4_nopd19_noisy.mat,Processed,pulse168_224x224.png,,"(224, 224, 3)",
pulse2_nopd10.mat,Processed,pulse169_224x224.png,,"(224, 224, 3)",
pulse7_nopd2.mat,Processed,pulse170_224x224.png,,"(224, 224, 3)",
pulse1_nopd6.mat,Processed,pulse171_224x224.png,,"(224, 224, 3)",
pulse10_nopd15_noisy.mat,Processed,pulse172_224x224.png,,"(224, 224, 3)",
pulse8_nopd19_noisy.mat,Processed,pulse173_224x224.png,,"(224, 224, 3)",
pulse6_nopd14_noisy.mat,Processed,pulse174_224x224.png,,"(224, 224, 3)",
pulse5_nopd14.mat,Processed,pulse175_224x224.png,,"(224, 224, 3)",
pulse7_nopd12.mat,Processed,pulse176_224x224.png,,"(224, 224, 3)",
pulse9_nopd16_noisy.mat,Processed,pulse177_224x224.png,,"(224, 224, 3)",
pulse2_nopd15.mat,Processed,pulse178_224x224.png,,"(224, 224, 3)",
pulse11_nopd13.mat,Processed,pulse179_224x224.png,,"(224, 224, 3)",
pulse2_nopd19_noisy.mat,Processed,pulse180_224x224.png,,"(224, 224, 3)",
pulse11_nopd11_noisy.mat,Processed,pulse181_224x224.png,,"(224, 224, 3)",
pulse10_nopd13.mat,Processed,pulse182_224x224.png,,"(224, 224, 3)",
pulse1_nopd1_noisy.mat,Processed,pulse183_224x224.png,,"(224, 224, 3)",
pulse9_nopd13_noisy.mat,Processed,pulse184_224x224.png,,"(224, 224, 3)",
pulse2_nopd10_noisy.mat,Processed,pulse185_224x224.png,,"(224, 224, 3)",
pulse12_nopd12.mat,Processed,pulse186_224x224.png,,"(224, 224, 3)",
pulse11_nopd5_noisy.mat,Processed,pulse187_224x224.png,,"(224, 224, 3)",
pulse6_nopd5.mat,Processed,pulse188_224x224.png,,"(224, 224, 3)",
pulse7_nopd9.mat,Processed,pulse189_224x224.png,,"(224, 224, 3)",
pulse10_nopd10.mat,Processed,pulse190_224x224.png,,"(224, 224, 3)",
pulse3_nopd5.mat,Processed,pulse191_224x224.png,,"(224, 224, 3)",
pulse5_nopd10_noisy.mat,Processed,pulse192_224x224.png,,"(224, 224, 3)",
pulse10_nopd18_noisy.mat,Processed,pulse193_224x224.png,,"(224, 224, 3)",
pulse10_nopd5.mat,Processed,pulse194_224x224.png,,"(224, 224, 3)",
pulse4_nopd3.mat,Processed,pulse195_224x224.png,,"(224, 224, 3)",
pulse3_nopd2.mat,Processed,pulse196_224x224.png,,"(224, 224, 3)",
pulse4_nopd7_noisy.mat,Processed,pulse197_224x224.png,,"(224, 224, 3)",
pulse7_nopd14_noisy.mat,Processed,pulse198_224x224.png,,"(224, 224, 3)",
pulse6_nopd17_noisy.mat,Processed,pulse199_224x224.png,,"(224, 224, 3)",
pulse8_nopd20_noisy.mat,Processed,pulse200_224x224.png,,"(224, 224, 3)",
pulse1_nopd16.mat,Processed,pulse201_224x224.png,,"(224, 224, 3)",
pulse5_nopd14_noisy.mat,Processed,pulse202_224x224.png,,"(224, 224, 3)",
pulse3_nopd3_noisy.mat,Processed,pulse203_224x224.png,,"(224, 224, 3)",
pulse4_nopd6.mat,Processed,pulse204_224x224.png,,"(224, 224, 3)",
pulse11_nopd19.mat,Processed,pulse205_224x224.png,,"(224, 224, 3)",
pulse5_nopd13_noisy.mat,Processed,pulse206_224x224.png,,"(224, 224, 3)",
pulse2_nopd20.mat,Processed,pulse207_224x224.png,,"(224, 224, 3)",
pulse3_nopd7_noisy.mat,Processed,pulse208_224x224.png,,"(224, 224, 3)",
pulse10_nopd20.mat,Processed,pulse209_224x224.png,,"(224, 224, 3)",
pulse5_nopd19_noisy.mat,Processed,pulse210_224x224.png,,"(224, 224, 3)",
pulse12_nopd11.mat,Processed,pulse211_224x224.png,,"(224, 224, 3)",
pulse9_nopd12.mat,Processed,pulse212_224x224.png,,"(224, 224, 3)",
pulse2_nopd12.mat,Processed,pulse213_224x224.png,,"(224, 224, 3)",
pulse10_nopd14_noisy.mat,Processed,pulse214_224x224.png,,"(224, 224, 3)",
pulse2_nopd14_noisy.mat,Processed,pulse215_224x224.png,,"(224, 224, 3)",
pulse11_nopd20_noisy.mat,Processed,pulse216_224x224.png,,"(224, 224, 3)",
pulse1_nopd4_noisy.mat,Processed,pulse217_224x224.png,,"(224, 224, 3)",
pulse1_nopd8_noisy.mat,Processed,pulse218_224x224.png,,"(224, 224, 3)",
pulse12_nopd9_noisy.mat,Processed,pulse219_224x224.png,,"(224, 224, 3)",
pulse12_nopd13_noisy.mat,Processed,pulse220_224x224.png,,"(224, 224, 3)",
pulse6_nopd11.mat,Processed,pulse221_224x224.png,,"(224, 224, 3)",
pulse9_nopd19.mat,Processed,pulse222_224x224.png,,"(224, 224, 3)",
pulse6_nopd8.mat,Processed,pulse223_224x224.png,,"(224, 224, 3)",
pulse11_nopd13_noisy.mat,Processed,pulse224_224x224.png,,"(224, 224, 3)",
pulse8_nopd6.mat,Processed,pulse225_224x224.png,,"(224, 224, 3)",
pulse11_nopd16.mat,Processed,pulse226_224x224.png,,"(224, 224, 3)",
pulse12_nopd20.mat,Processed,pulse227_224x224.png,,"(224, 224, 3)",
pulse9_nopd2.mat,Processed,pulse228_224x224.png,,"(224, 224, 3)",
pulse10_nopd19_noisy.mat,Processed,pulse229_224x224.png,,"(224, 224, 3)",
pulse5_nopd1_noisy.mat,Processed,pulse230_224x224.png,,"(224, 224, 3)",
pulse1_nopd11_noisy.mat,Processed,pulse231_224x224.png,,"(224, 224, 3)",
pulse1_nopd8.mat,Processed,pulse232_224x224.png,,"(224, 224, 3)",
pulse3_nopd2_noisy.mat,Processed,pulse233_224x224.png,,"(224, 224, 3)",
pulse4_nopd4_noisy.mat,Processed,pulse234_224x224.png,,"(224, 224, 3)",
pulse2_nopd16.mat,Processed,pulse235_224x224.png,,"(224, 224, 3)",
pulse1_nopd17_noisy.mat,Processed,pulse236_224x224.png,,"(224, 224, 3)",
pulse4_nopd1.mat,Processed,pulse237_224x224.png,,"(224, 224, 3)",
pulse7_nopd13.mat,Processed,pulse238_224x224.png,,"(224, 224, 3)",
pulse9_nopd9.mat,Processed,pulse239_224x224.png,,"(224, 224, 3)",
pulse3_nopd10.mat,Processed,pulse240_224x224.png,,"(224, 224, 3)",
pulse7_nopd17_noisy.mat,Processed,pulse241_224x224.png,,"(224, 224, 3)",
pulse8_nopd11.mat,Processed,pulse242_224x224.png,,"(224, 224, 3)",
pulse12_nopd19_noisy.mat,Processed,pulse243_224x224.png,,"(224, 224, 3)",
pulse5_nopd19.mat,Processed,pulse244_224x224.png,,"(224, 224, 3)",
pulse10_nopd1_noisy.mat,Processed,pulse245_224x224.png,,"(224, 224, 3)",
pulse8_nopd9.mat,Processed,pulse246_224x224.png,,"(224, 224, 3)",
pulse4_nopd11_noisy.mat,Processed,pulse247_224x224.png,,"(224, 224, 3)",
pulse12_nopd11_noisy.mat,Processed,pulse248_224x224.png,,"(224, 224, 3)",
pulse10_nopd15.mat,Processed,pulse249_224x224.png,,"(224, 224, 3)",
pulse5_nopd20.mat,Processed,pulse250_224x224.png,,"(224, 224, 3)",
pulse2_nopd17.mat,Processed,pulse251_224x224.png,,"(224, 224, 3)",
pulse11_nopd9.mat,Processed,pulse252_224x224.png,,"(224, 224, 3)",
pulse6_nopd20_noisy.mat,Processed,pulse253_224x224.png,,"(224, 224, 3)",
pulse8_nopd12_noisy.mat,Processed,pulse254_224x224.png,,"(224, 224, 3)",
pulse1_nopd18.mat,Processed,pulse255_224x224.png,,"(224, 224, 3)",
pulse3_nopd14.mat,Processed,pulse256_224x224.png,,"(224, 224, 3)",
pulse11_nopd12_noisy.mat,Processed,pulse257_224x224.png,,"(224, 224, 3)",
pulse1_nopd15.mat,Processed,pulse258_224x224.png,,"(224, 224, 3)",
pulse7_nopd6_noisy.mat,Processed,pulse259_224x224.png,,"(224, 224, 3)",
pulse6_nopd15_noisy.mat,Processed,pulse260_224x224.png,,"(224, 224, 3)",
pulse11_nopd20.mat,Processed,pulse261_224x224.png,,"(224, 224, 3)",
pulse11_nopd16_noisy.mat,Processed,pulse262_224x224.png,,"(224, 224, 3)",
pulse4_nopd16_noisy.mat,Processed,pulse263_224x224.png,,"(224, 224, 3)",
pulse1_nopd3.mat,Processed,pulse264_224x224.png,,"(224, 224, 3)",
pulse1_nopd15_noisy.mat,Processed,pulse265_224x224.png,,"(224, 224, 3)",
pulse9_nopd18.mat,Processed,pulse266_224x224.png,,"(224, 224, 3)",
pulse3_nopd8.mat,Processed,pulse267_224x224.png,,"(224, 224, 3)",
pulse3_nopd15_noisy.mat,Processed,pulse268_224x224.png,,"(224, 224, 3)",
pulse9_nopd11.mat,Processed,pulse269_224x224.png,,"(224, 224, 3)",
pulse1_nopd11.mat,Processed,pulse270_224x224.png,,"(224, 224, 3)",
pulse5_nopd5_noisy.mat,Processed,pulse271_224x224.png,,"(224, 224, 3)",
pulse1_nopd2_noisy.mat,Processed,pulse272_224x224.png,,"(224, 224, 3)",
pulse7_nopd18.mat,Processed,pulse273_224x224.png,,"(224, 224, 3)",
pulse10_nopd16_noisy.mat,Processed,pulse274_224x224.png,,"(224, 224, 3)",
pulse3_nopd9.mat,Processed,pulse275_224x224.png,,"(224, 224, 3)",
pulse5_nopd15.mat,Processed,pulse276_224x224.png,,"(224, 224, 3)",
pulse5_nopd16_noisy.mat,Processed,pulse277_224x224.png,,"(224, 224, 3)",
pulse12_nopd2_noisy.mat,Processed,pulse278_224x224.png,,"(224, 224, 3)",
pulse6_nopd18.mat,Processed,pulse279_224x224.png,,"(224, 224, 3)",
pulse10_nopd1.mat,Processed,pulse280_224x224.png,,"(224, 224, 3)",
pulse12_nopd15.mat,Processed,pulse281_224x224.png,,"(224, 224, 3)",
pulse9_nopd6.mat,Processed,pulse282_224x224.png,,"(224, 224, 3)",
pulse1_nopd9_noisy.mat,Processed,pulse283_224x224.png,,"(224, 224, 3)",
pulse10_nopd6.mat,Processed,pulse284_224x224.png,,"(224, 224, 3)",
pulse3_nopd11.mat,Processed,pulse285_224x224.png,,"(224, 224, 3)",
pulse2_nopd6_noisy.mat,Processed,pulse286_224x224.png,,"(224, 224, 3)",
pulse3_nopd17_noisy.mat,Processed,pulse287_224x224.png,,"(224, 224, 3)",
pulse3_nopd20.mat,Processed,pulse288_224x224.png,,"(224, 224, 3)",
pulse4_nopd10_noisy.mat,Processed,pulse289_224x224.png,,"(224, 224, 3)",
pulse5_nopd6.mat,Processed,pulse290_224x224.png,,"(224, 224, 3)",
pulse1_nopd18_noisy.mat,Processed,pulse291_224x224.png,,"(224, 224, 3)",
pulse11_nopd12.mat,Processed,pulse292_224x224.png,,"(224, 224, 3)",
pulse6_nopd10.mat,Processed,pulse293_224x224.png,,"(224, 224, 3)",
pulse12_nopd1.mat,Processed,pulse294_224x224.png,,"(224, 224, 3)",
pulse2_nopd5.mat,Processed,pulse295_224x224.png,,"(224, 224, 3)",
pulse5_nopd6_noisy.mat,Processed,pulse296_224x224.png,,"(224, 224, 3)",
pulse4_nopd6_noisy.mat,Processed,pulse297_224x224.png,,"(224, 224, 3)",
pulse10_nopd20_noisy.mat,Processed,pulse298_224x224.png,,"(224, 224, 3)",
pulse4_nopd8.mat,Processed,pulse299_224x224.png,,"(224, 224, 3)",
pulse3_nopd7.mat,Processed,pulse300_224x224.png,,"(224, 224, 3)",
pulse7_nopd5.mat,Processed,pulse301_224x224.png,,"(224, 224, 3)",
pulse5_nopd20_noisy.mat,Processed,pulse302_224x224.png,,"(224, 224, 3)",
pulse4_nopd18.mat,Processed,pulse303_224x224.png,,"(224, 224, 3)",
pulse3_nopd6_noisy.mat,Processed,pulse304_224x224.png,,"(224, 224, 3)",
pulse5_nopd8_noisy.mat,Processed,pulse305_224x224.png,,"(224, 224, 3)",
pulse3_nopd4.mat,Processed,pulse306_224x224.png,,"(224, 224, 3)",
pulse4_nopd14.mat,Processed,pulse307_224x224.png,,"(224, 224, 3)",
pulse11_nopd1_noisy.mat,Processed,pulse308_224x224.png,,"(224, 224, 3)",
pulse10_nopd5_noisy.mat,Processed,pulse309_224x224.png,,"(224, 224, 3)",
pulse8_nopd20.mat,Processed,pulse310_224x224.png,,"(224, 224, 3)",
pulse5_nopd17.mat,Processed,pulse311_224x224.png,,"(224, 224, 3)",
pulse4_nopd19.mat,Processed,pulse312_224x224.png,,"(224, 224, 3)",
pulse2_nopd7.mat,Processed,pulse313_224x224.png,,"(224, 224, 3)",
pulse12_nopd18_noisy.mat,Processed,pulse314_224x224.png,,"(224, 224, 3)",
pulse6_nopd4_noisy.mat,Processed,pulse315_224x224.png,,"(224, 224, 3)",
pulse8_nopd18.mat,Processed,pulse316_224x224.png,,"(224, 224, 3)",
pulse11_nopd10.mat,Processed,pulse317_224x224.png,,"(224, 224, 3)",
pulse8_nopd14.mat,Processed,pulse318_224x224.png,,"(224, 224, 3)",
pulse3_nopd19_noisy.mat,Processed,pulse319_224x224.png,,"(224, 224, 3)",
pulse3_nopd3.mat,Processed,pulse320_224x224.png,,"(224, 224, 3)",
pulse10_nopd19.mat,Processed,pulse321_224x224.png,,"(224, 224, 3)",
pulse10_nopd13_noisy.mat,Processed,pulse322_224x224.png,,"(224, 224, 3)",
pulse9_nopd5.mat,Processed,pulse323_224x224.png,,"(224, 224, 3)",
pulse5_nopd11_noisy.mat,Processed,pulse324_224x224.png,,"(224, 224, 3)",
pulse4_nopd12.mat,Processed,pulse325_224x224.png,,"(224, 224, 3)",
pulse7_nopd18_noisy.mat,Processed,pulse326_224x224.png,,"(224, 224, 3)",
pulse3_nopd8_noisy.mat,Processed,pulse327_224x224.png,,"(224, 224, 3)",
pulse12_nopd13.mat,Processed,pulse328_224x224.png,,"(224, 224, 3)",
pulse8_nopd14_noisy.mat,Processed,pulse329_224x224.png,,"(224, 224, 3)",
pulse8_nopd9_noisy.mat,Processed,pulse330_224x224.png,,"(224, 224, 3)",
pulse12_nopd14.mat,Processed,pulse331_224x224.png,,"(224, 224, 3)",
pulse3_nopd1_noisy.mat,Processed,pulse332_224x224.png,,"(224, 224, 3)",
pulse9_nopd16.mat,Processed,pulse333_224x224.png,,"(224, 224, 3)",
pulse2_nopd16_noisy.mat,Processed,pulse334_224x224.png,,"(224, 224, 3)",
pulse12_nopd17_noisy.mat,Processed,pulse335_224x224.png,,"(224, 224, 3)",
pulse1_nopd5_noisy.mat,Processed,pulse336_224x224.png,,"(224, 224, 3)",
pulse1_nopd1.mat,Processed,pulse337_224x224.png,,"(224, 224, 3)",
pulse4_nopd10.mat,Processed,pulse338_224x224.png,,"(224, 224, 3)",
pulse1_nopd17.mat,Processed,pulse339_224x224.png,,"(224, 224, 3)",
pulse5_nopd17_noisy.mat,Processed,pulse340_224x224.png,,"(224, 224, 3)",
pulse8_nopd1.mat,Processed,pulse341_224x224.png,,"(224, 224, 3)",
pulse2_nopd8.mat,Processed,pulse342_224x224.png,,"(224, 224, 3)",
pulse11_nopd18.mat,Processed,pulse343_224x224.png,,"(224, 224, 3)",
pulse6_nopd4.mat,Processed,pulse344_224x224.png,,"(224, 224, 3)",
pulse9_nopd20_noisy.mat,Processed,pulse345_224x224.png,,"(224, 224, 3)",
pulse12_nopd6.mat,Processed,pulse346_224x224.png,,"(224, 224, 3)",
pulse5_nopd12.mat,Processed,pulse347_224x224.png,,"(224, 224, 3)",
pulse1_nopd19_noisy.mat,Processed,pulse348_224x224.png,,"(224, 224, 3)",
pulse1_nopd9.mat,Processed,pulse349_224x224.png,,"(224, 224, 3)",
pulse7_nopd19.mat,Processed,pulse350_224x224.png,,"(224, 224, 3)",
pulse8_nopd17_noisy.mat,Processed,pulse351_224x224.png,,"(224, 224, 3)",
pulse10_nopd2.mat,Processed,pulse352_224x224.png,,"(224, 224, 3)",
pulse11_nopd19_noisy.mat,Processed,pulse353_224x224.png,,"(224, 224, 3)",
pulse9_nopd19_noisy.mat,Processed,pulse354_224x224.png,,"(224, 224, 3)",
pulse9_nopd1_noisy.mat,Processed,pulse355_224x224.png,,"(224, 224, 3)",
pulse12_nopd15_noisy.mat,Processed,pulse356_224x224.png,,"(224, 224, 3)",
pulse10_nopd9.mat,Processed,pulse357_224x224.png,,"(224, 224, 3)",
pulse11_nopd17_noisy.mat,Processed,pulse358_224x224.png,,"(224, 224, 3)",
pulse1_nopd10.mat,Processed,pulse359_224x224.png,,"(224, 224, 3)",
pulse8_nopd10.mat,Processed,pulse360_224x224.png,,"(224, 224, 3)",
pulse7_nopd11.mat,Processed,pulse361_224x224.png,,"(224, 224, 3)",
pulse4_nopd17_noisy.mat,Processed,pulse362_224x224.png,,"(224, 224, 3)",
pulse6_nopd16.mat,Processed,pulse363_224x224.png,,"(224, 224, 3)",
pulse7_nopd19_noisy.mat,Processed,pulse364_224x224.png,,"(224, 224, 3)",
pulse7_nopd20_noisy.mat,Processed,pulse365_224x224.png,,"(224, 224, 3)",
pulse1_nopd3_noisy.mat,Processed,pulse366_224x224.png,,"(224, 224, 3)",
pulse3_nopd1.mat,Processed,pulse367_224x224.png,,"(224, 224, 3)",
pulse2_nopd1.mat,Processed,pulse368_224x224.png,,"(224, 224, 3)",
pulse9_nopd6_noisy.mat,Processed,pulse369_224x224.png,,"(224, 224, 3)",
pulse4_nopd7.mat,Processed,pulse370_224x224.png,,"(224, 224, 3)",
pulse6_nopd12.mat,Processed,pulse371_224x224.png,,"(224, 224, 3)",
pulse2_nopd8_noisy.mat,Processed,pulse372_224x224.png,,"(224, 224, 3)",
pulse10_nopd12.mat,Processed,pulse373_224x224.png,,"(224, 224, 3)",
pulse8_nopd13_noisy.mat,Processed,pulse374_224x224.png,,"(224, 224, 3)",
pulse8_nopd10_noisy.mat,Processed,pulse375_224x224.png,,"(224, 224, 3)",
pulse5_nopd8.mat,Processed,pulse376_224x224.png,,"(224, 224, 3)",
pulse2_nopd6.mat,Processed,pulse377_224x224.png,,"(224, 224, 3)",
pulse4_nopd12_noisy.mat,Processed,pulse378_224x224.png,,"(224, 224, 3)",
pulse5_nopd2.mat,Processed,pulse379_224x224.png,,"(224, 224, 3)",
pulse9_nopd20.mat,Processed,pulse380_224x224.png,,"(224, 224, 3)",
pulse4_nopd11.mat,Processed,pulse381_224x224.png,,"(224, 224, 3)",
pulse2_nopd13_noisy.mat,Processed,pulse382_224x224.png,,"(224, 224, 3)",
pulse9_nopd14.mat,Processed,pulse383_224x224.png,,"(224, 224, 3)",
pulse11_nopd6_noisy.mat,Processed,pulse384_224x224.png,,"(224, 224, 3)",
pulse6_nopd8_noisy.mat,Processed,pulse385_224x224.png,,"(224, 224, 3)",
pulse5_nopd4_noisy.mat,Processed,pulse386_224x224.png,,"(224, 224, 3)",
pulse10_nopd16.mat,Processed,pulse387_224x224.png,,"(224, 224, 3)",
pulse6_nopd3_noisy.mat,Processed,pulse388_224x224.png,,"(224, 224, 3)",
pulse4_nopd5_noisy.mat,Processed,pulse389_224x224.png,,"(224, 224, 3)",
pulse3_nopd20_noisy.mat,Processed,pulse390_224x224.png,,"(224, 224, 3)",
pulse12_nopd17.mat,Processed,pulse391_224x224.png,,"(224, 224, 3)",
pulse4_nopd2.mat,Processed,pulse392_224x224.png,,"(224, 224, 3)",
pulse3_nopd16_noisy.mat,Processed,pulse393_224x224.png,,"(224, 224, 3)",
pulse10_nopd6_noisy.mat,Processed,pulse394_224x224.png,,"(224, 224, 3)",
pulse1_nopd14_noisy.mat,Processed,pulse395_224x224.png,,"(224, 224, 3)",
pulse4_nopd18_noisy.mat,Processed,pulse396_224x224.png,,"(224, 224, 3)",
pulse7_nopd9_noisy.mat,Processed,pulse397_224x224.png,,"(224, 224, 3)",
pulse10_nopd18.mat,Processed,pulse398_224x224.png,,"(224, 224, 3)",
pulse12_nopd1_noisy.mat,Processed,pulse399_224x224.png,,"(224, 224, 3)",
pulse9_nopd18_noisy.mat,Processed,pulse400_224x224.png,,"(224, 224, 3)",
pulse11_nopd14_noisy.mat,Processed,pulse401_224x224.png,,"(224, 224, 3)",
pulse3_nopd4_noisy.mat,Processed,pulse402_224x224.png,,"(224, 224, 3)",
pulse9_nopd12_noisy.mat,Processed,pulse403_224x224.png,,"(224, 224, 3)",
pulse12_nopd16_noisy.mat,Processed,pulse404_224x224.png,,"(224, 224, 3)",
pulse6_nopd13_noisy.mat,Processed,pulse405_224x224.png,,"(224, 224, 3)",
pulse2_nopd18.mat,Processed,pulse406_224x224.png,,"(224, 224, 3)",
pulse6_nopd3.mat,Processed,pulse407_224x224.png,,"(224, 224, 3)",
pulse6_nopd14.mat,Processed,pulse408_224x224.png,,"(224, 224, 3)",
pulse6_nopd20.mat,Processed,pulse409_224x224.png,,"(224, 224, 3)",
pulse1_nopd13_noisy.mat,Processed,pulse410_224x224.png,,"(224, 224, 3)",
pulse7_nopd1.mat,Processed,pulse411_224x224.png,,"(224, 224, 3)",
pulse11_nopd18_noisy.mat,Processed,pulse412_224x224.png,,"(224, 224, 3)",
pulse11_nopd2.mat,Processed,pulse413_224x224.png,,"(224, 224, 3)",
pulse2_nopd5_noisy.mat,Processed,pulse414_224x224.png,,"(224, 224, 3)",
pulse11_nopd11.mat,Processed,pulse415_224x224.png,,"(224, 224, 3)",
pulse5_nopd11.mat,Processed,pulse416_224x224.png,,"(224, 224, 3)",
pulse3_nopd18.mat,Processed,pulse417_224x224.png,,"(224, 224, 3)",
pulse3_nopd11_noisy.mat,Processed,pulse418_224x224.png,,"(224, 224, 3)",
pulse12_nopd18.mat,Processed,pulse419_224x224.png,,"(224, 224, 3)",
pulse1_nopd10_noisy.mat,Processed,pulse420_224x224.png,,"(224, 224, 3)",
pulse3_nopd12_noisy.mat,Processed,pulse421_224x224.png,,"(224, 224, 3)",
pulse4_nopd17.mat,Processed,pulse422_224x224.png,,"(224, 224, 3)",
pulse6_nopd15.mat,Processed,pulse423_224x224.png,,"(224, 224, 3)",
pulse1_nopd16_noisy.mat,Processed,pulse424_224x224.png,,"(224, 224, 3)",
pulse5_nopd4.mat,Processed,pulse425_224x224.png,,"(224, 224, 3)",
pulse8_nopd19.mat,Processed,pulse426_224x224.png,,"(224, 224, 3)",
pulse2_nopd1_noisy.mat,Processed,pulse427_224x224.png,,"(224, 224, 3)",
pulse6_nopd9.mat,Processed,pulse428_224x224.png,,"(224, 224, 3)",
